bank,file_start,file_end,cpu_start,cpu_end,classification,status,confidence,source_sha256,notes
0x00,0x000000,0x003fff,0x0000,0x3fff,header-and-code,fingerprinted,high,71a70e5f77c109177d21c998310ffe01a68e8cd2f41e72e7129093b890c7d3d1,bank_sha256=49a72079d41f4b598508e3e59eedf7bebc59a0cc4b87641f788acadfbcc36bf4; entropy=7.170967; unique_bytes=256; zero_bytes=385; ff_bytes=170
0x01,0x004000,0x007fff,0x4000,0x7fff,unclassified,fingerprinted,low,71a70e5f77c109177d21c998310ffe01a68e8cd2f41e72e7129093b890c7d3d1,bank_sha256=4aaf7e5b8a0725e88d83683d27f194b656e3aa0cd996b226a4fe5d340af1b0af; entropy=7.269861; unique_bytes=256; zero_bytes=587; ff_bytes=81
0x02,0x008000,0x00bfff,0x4000,0x7fff,unclassified,fingerprinted,low,71a70e5f77c109177d21c998310ffe01a68e8cd2f41e72e7129093b890c7d3d1,bank_sha256=4583375c15a049e1367b6b502de6781688da83768fc9c33b44f3868b5930c6c8; entropy=6.979873; unique_bytes=254; zero_bytes=386; ff_bytes=255
0x03,0x00c000,0x00ffff,0x4000,0x7fff,unclassified,fingerprinted,low,71a70e5f77c109177d21c998310ffe01a68e8cd2f41e72e7129093b890c7d3d1,bank_sha256=3e11166cdb5ac79215578855b24d48a69ab35fff98c918d80fb1903569f92021; entropy=7.336372; unique_bytes=256; zero_bytes=398; ff_bytes=254
0x04,0x010000,0x013fff,0x4000,0x7fff,unclassified,fingerprinted,low,71a70e5f77c109177d21c998310ffe01a68e8cd2f41e72e7129093b890c7d3d1,bank_sha256=4ab0bef09929b94c5df46d712984e74e16826db4cf656d2c01f285aeea0e7e5c; entropy=6.799314; unique_bytes=256; zero_bytes=2161; ff_bytes=301
0x05,0x014000,0x017fff,0x4000,0x7fff,unclassified,fingerprinted,low,71a70e5f77c109177d21c998310ffe01a68e8cd2f41e72e7129093b890c7d3d1,bank_sha256=e6da555ad7b88ef43927abb41c774e5778e2938eb72dab5be4e54672e9482b22; entropy=6.30625; unique_bytes=256; zero_bytes=800; ff_bytes=179
0x06,0x018000,0x01bfff,0x4000,0x7fff,unclassified,fingerprinted,low,71a70e5f77c109177d21c998310ffe01a68e8cd2f41e72e7129093b890c7d3d1,bank_sha256=a04bb73fa3a1701dc824c05a9549aa1120e0d54813c5ca71ea3cebc0f68d541b; entropy=7.256267; unique_bytes=256; zero_bytes=368; ff_bytes=157
0x07,0x01c000,0x01ffff,0x4000,0x7fff,unclassified,fingerprinted,low,71a70e5f77c109177d21c998310ffe01a68e8cd2f41e72e7129093b890c7d3d1,bank_sha256=5b15dc20b5cce2e63189092faf45ddd5ef9455b2d9d60bb0cc56658f516972de; entropy=7.180663; unique_bytes=253; zero_bytes=373; ff_bytes=228
0x08,0x020000,0x023fff,0x4000,0x7fff,unclassified,fingerprinted,low,71a70e5f77c109177d21c998310ffe01a68e8cd2f41e72e7129093b890c7d3d1,bank_sha256=4a6e6cb3efd745bee62225df9ebeb67fc6dd8a241b7e774a12b58e8afb2eac94; entropy=7.06191; unique_bytes=256; zero_bytes=313; ff_bytes=284
0x09,0x024000,0x027fff,0x4000,0x7fff,unclassified,fingerprinted,low,71a70e5f77c109177d21c998310ffe01a68e8cd2f41e72e7129093b890c7d3d1,bank_sha256=aa558c1a08c8d8857c74bbfb2af68d659351a0a72f0752a02be8ad077c52acb7; entropy=7.823547; unique_bytes=256; zero_bytes=28; ff_bytes=259
0x0a,0x028000,0x02bfff,0x4000,0x7fff,unclassified,fingerprinted,low,71a70e5f77c109177d21c998310ffe01a68e8cd2f41e72e7129093b890c7d3d1,bank_sha256=c9a5c018aceadf4a5a44358847d47de5bdcde38a9ff3871e390651774e7c70b7; entropy=7.821027; unique_bytes=256; zero_bytes=41; ff_bytes=314
0x0b,0x02c000,0x02ffff,0x4000,0x7fff,unclassified,fingerprinted,low,71a70e5f77c109177d21c998310ffe01a68e8cd2f41e72e7129093b890c7d3d1,bank_sha256=2ad5e1ec5e4aeb70dfa0e1bf3d46640164177b612991231af1fe9ee78e9b59e2; entropy=7.810269; unique_bytes=256; zero_bytes=224; ff_bytes=370
0x0c,0x030000,0x033fff,0x4000,0x7fff,unclassified,fingerprinted,low,71a70e5f77c109177d21c998310ffe01a68e8cd2f41e72e7129093b890c7d3d1,bank_sha256=54e7bc733afce3b4a5f24e634d70e247ac93674f82daa13ff34fe95128ea4bd0; entropy=7.815353; unique_bytes=256; zero_bytes=31; ff_bytes=306
0x0d,0x034000,0x037fff,0x4000,0x7fff,unclassified,fingerprinted,low,71a70e5f77c109177d21c998310ffe01a68e8cd2f41e72e7129093b890c7d3d1,bank_sha256=5346501cd6bfa430978376ddc7b727b3267294813b71bdc8637703ec8004d94a; entropy=7.804504; unique_bytes=256; zero_bytes=300; ff_bytes=441
0x0e,0x038000,0x03bfff,0x4000,0x7fff,unclassified,fingerprinted,low,71a70e5f77c109177d21c998310ffe01a68e8cd2f41e72e7129093b890c7d3d1,bank_sha256=527cce29cab0b0c4a38e1112962979f19b215ca22af87551656c4fe5442ff8b1; entropy=7.139959; unique_bytes=256; zero_bytes=2021; ff_bytes=373
0x0f,0x03c000,0x03ffff,0x4000,0x7fff,unclassified,fingerprinted,low,71a70e5f77c109177d21c998310ffe01a68e8cd2f41e72e7129093b890c7d3d1,bank_sha256=1f5858d3d72e486b8e3b57abb41e9e42a3e92f772b28cf475b3eefe253c45b28; entropy=7.083385; unique_bytes=255; zero_bytes=295; ff_bytes=65
0x10,0x040000,0x043fff,0x4000,0x7fff,unclassified,fingerprinted,low,71a70e5f77c109177d21c998310ffe01a68e8cd2f41e72e7129093b890c7d3d1,bank_sha256=4bb39f14e857177522e2b061218fd7ccfa3c7e6356066e4b449c448a7b045704; entropy=6.926023; unique_bytes=256; zero_bytes=1473; ff_bytes=428
0x11,0x044000,0x047fff,0x4000,0x7fff,unclassified,fingerprinted,low,71a70e5f77c109177d21c998310ffe01a68e8cd2f41e72e7129093b890c7d3d1,bank_sha256=136665c8411daf7696112d4e4f6665234c14c0e254831473d5c5d0ad67628bce; entropy=7.211063; unique_bytes=256; zero_bytes=354; ff_bytes=337
0x12,0x048000,0x04bfff,0x4000,0x7fff,unclassified,fingerprinted,low,71a70e5f77c109177d21c998310ffe01a68e8cd2f41e72e7129093b890c7d3d1,bank_sha256=8f9eb95e2e62b13e0a7c6d7be042d2b5c27f3ac97ca6bc954a8cbaa31f7c4777; entropy=7.126985; unique_bytes=255; zero_bytes=401; ff_bytes=216
0x13,0x04c000,0x04ffff,0x4000,0x7fff,unclassified,fingerprinted,low,71a70e5f77c109177d21c998310ffe01a68e8cd2f41e72e7129093b890c7d3d1,bank_sha256=0806463772ce7c8c6da66705ce5dd43a61215ead15f0160b2085ab9d3573f864; entropy=7.836431; unique_bytes=256; zero_bytes=35; ff_bytes=327
0x14,0x050000,0x053fff,0x4000,0x7fff,unclassified,fingerprinted,low,71a70e5f77c109177d21c998310ffe01a68e8cd2f41e72e7129093b890c7d3d1,bank_sha256=1da951d1746ea295d477eb63ac67d27b1d08e5438809afcfaed12e6117ec2825; entropy=7.290576; unique_bytes=256; zero_bytes=339; ff_bytes=166
0x15,0x054000,0x057fff,0x4000,0x7fff,unclassified,fingerprinted,low,71a70e5f77c109177d21c998310ffe01a68e8cd2f41e72e7129093b890c7d3d1,bank_sha256=b2162a5e10eae5cdfdf51559cf2d18065509426f0490b73d0a3630898e025028; entropy=7.154434; unique_bytes=256; zero_bytes=400; ff_bytes=129
0x16,0x058000,0x05bfff,0x4000,0x7fff,unclassified,fingerprinted,low,71a70e5f77c109177d21c998310ffe01a68e8cd2f41e72e7129093b890c7d3d1,bank_sha256=90698ee1eca80d5192cf2747ac5be5533b053b8b5e608a032386208e305e73dd; entropy=7.173252; unique_bytes=256; zero_bytes=385; ff_bytes=135
0x17,0x05c000,0x05ffff,0x4000,0x7fff,unclassified,fingerprinted,low,71a70e5f77c109177d21c998310ffe01a68e8cd2f41e72e7129093b890c7d3d1,bank_sha256=d7f70ca4e5a91c045b9eecb9f1166481076220a7caeac7be96ea7ed8aa33c4ca; entropy=7.100665; unique_bytes=256; zero_bytes=376; ff_bytes=199
0x18,0x060000,0x063fff,0x4000,0x7fff,unclassified,fingerprinted,low,71a70e5f77c109177d21c998310ffe01a68e8cd2f41e72e7129093b890c7d3d1,bank_sha256=ef867943c3717bfda4954ff414a787b20e66663c02e0fcbb0f0340f030893621; entropy=7.046184; unique_bytes=256; zero_bytes=385; ff_bytes=187
0x19,0x064000,0x067fff,0x4000,0x7fff,unclassified,fingerprinted,low,71a70e5f77c109177d21c998310ffe01a68e8cd2f41e72e7129093b890c7d3d1,bank_sha256=5e08f1072eba382ee82d1193a01ad21e4497d7d6cb78c7b73329aeaf9f8d3940; entropy=6.506266; unique_bytes=255; zero_bytes=1501; ff_bytes=1594
0x1a,0x068000,0x06bfff,0x4000,0x7fff,unclassified,fingerprinted,low,71a70e5f77c109177d21c998310ffe01a68e8cd2f41e72e7129093b890c7d3d1,bank_sha256=f746f9123ab496af34fd210da8767b376c62282e4ac298f90ee9a4f041d8aec8; entropy=6.371368; unique_bytes=256; zero_bytes=1037; ff_bytes=1294
0x1b,0x06c000,0x06ffff,0x4000,0x7fff,unclassified,fingerprinted,low,71a70e5f77c109177d21c998310ffe01a68e8cd2f41e72e7129093b890c7d3d1,bank_sha256=467f81554dc60b70c05127425e915d4f727b303ea88caa4e988b7dbfaeb4dc8e; entropy=6.201428; unique_bytes=255; zero_bytes=1420; ff_bytes=1810
0x1c,0x070000,0x073fff,0x4000,0x7fff,unclassified,fingerprinted,low,71a70e5f77c109177d21c998310ffe01a68e8cd2f41e72e7129093b890c7d3d1,bank_sha256=6c1fcb47a5ac834e518a9b07f251db289d166cd9eaef28fd81f89197b28920c3; entropy=6.884681; unique_bytes=256; zero_bytes=2213; ff_bytes=395
0x1d,0x074000,0x077fff,0x4000,0x7fff,unclassified,fingerprinted,low,71a70e5f77c109177d21c998310ffe01a68e8cd2f41e72e7129093b890c7d3d1,bank_sha256=e51ffc2d06cdcbdf43b56f75d59159159f4a1bb983277de4e95b886a22d09f72; entropy=7.084328; unique_bytes=256; zero_bytes=320; ff_bytes=175
0x1e,0x078000,0x07bfff,0x4000,0x7fff,unclassified,fingerprinted,low,71a70e5f77c109177d21c998310ffe01a68e8cd2f41e72e7129093b890c7d3d1,bank_sha256=d91c8387c055be0820fb7acd20db0e916c8db975650f62c2a0743d83d76b9e3b; entropy=6.802547; unique_bytes=256; zero_bytes=2185; ff_bytes=599
0x1f,0x07c000,0x07ffff,0x4000,0x7fff,unclassified,fingerprinted,low,71a70e5f77c109177d21c998310ffe01a68e8cd2f41e72e7129093b890c7d3d1,bank_sha256=6a45a1d44566365cb736a7f3679f6776a7a63b03a9d1196fedcd191b6bf683e4; entropy=7.066824; unique_bytes=256; zero_bytes=404; ff_bytes=286
